<?xml version="1.0" encoding="UTF-8"?>
<!DOCTYPE hibernate-mapping PUBLIC "-//Hibernate/Hibernate Mapping DTD 3.0//EN" 
	"http://www.hibernate.org/dtd/hibernate-mapping-3.0.dtd">
<hibernate-mapping>
	<class name="es.indra.models.Producto" table="PRODUCTOS">
	
		<id name="id" type="java.lang.Long">
			<column name="ID_PRODUCTO" />
			<generator class="assigned" />  <!-- otra opcion es increment -->
		</id>
		
		<property name="descripcion" type="java.lang.String">
			<column name="DESCRIPCION" />
		</property>
		
		<property name="precio" type="double">
			<column name="PRECIO" />
		</property>
	
	</class>

</hibernate-mapping>