<?xml version="1.0" encoding="UTF-8"?>
<beans xmlns="http://www.springframework.org/schema/beans"
       xmlns:xsi="http://www.w3.org/2001/XMLSchema-instance"
       xsi:schemaLocation="http://www.springframework.org/schema/beans
	http://www.springframework.org/schema/beans/spring-beans.xsd">
	
	
	<!-- Cargar el archivo de propiedades -->
	<bean class="org.springframework.beans.factory.config.PropertyPlaceholderConfigurer">
		<property name="locations">
			<list>
				<value>classpath:config/data-source.properties</value>
			</list>
		</property>
		
		<property name="ignoreUnresolvablePlaceholders" value="true" />
	</bean>
	
	<bean id="dao" class="es.indra.persistence.EjemploDAO">
		<property name="driver" value="${driver}" />
		<property name="url" value="${url}" />
		<property name="user" value="${user}" />
		<property name="pw" value="${pw}" />
	</bean>
	
</beans>