<?xml version="1.0" encoding="UTF-8"?>
<beans xmlns="http://www.springframework.org/schema/beans"
       xmlns:xsi="http://www.w3.org/2001/XMLSchema-instance"
       xsi:schemaLocation="http://www.springframework.org/schema/beans
	http://www.springframework.org/schema/beans/spring-beans.xsd">
	
	<!-- Para evitar NoUniqueBeanDefinitionException elimino uno de ellos como candidato -->
	<bean id="taller" class="es.indra.business.TallerPintura" autowire-candidate="false" />
	<bean id="tallerMecanica" class="es.indra.business.TallerMecanica"  />
	
	<bean id="coche" class="es.indra.models.Coche">
		<constructor-arg name="matricula" value="1234-MBD" />
		<constructor-arg name="modelo" value="A5"/>
	</bean>
	
	<!-- DI por nombre -> buscar el bean con el mismo nombre que la propiedad -->
	<!--  
	<bean id="aseguradora" class="es.indra.business.Aseguradora" autowire="byName">
		<property name="nombre" value="Mapfre" />
	</bean>
	-->
	
	<!-- DI por tipo -> buscar el bean con el mismo tipo que la propiedad -->
	<bean id="aseguradora" class="es.indra.business.Aseguradora" autowire="byType">
		<property name="nombre" value="Mapfre" />
	</bean>
	
</beans>