<?xml version="1.0" encoding="UTF-8"?>
<beans xmlns="http://www.springframework.org/schema/beans"
	xmlns:xsi="http://www.w3.org/2001/XMLSchema-instance"
	xmlns:context="http://www.springframework.org/schema/context"
	xsi:schemaLocation="http://www.springframework.org/schema/beans http://www.springframework.org/schema/beans/spring-beans-4.3.xsd
		http://www.springframework.org/schema/context http://www.springframework.org/schema/context/spring-context-4.3.xsd">

	<context:annotation-config />
	<context:component-scan base-package="es.indra" />

	<bean id="clientesBS" class="es.indra.negocio.ClientesBS">
		<property name="dao" ref="clientesDAO" />
	</bean>

	<beans profile="real">
		<bean id="clientesDAO" class="es.indra.persistencia.ClientesDAO" />
	</beans>

	<beans profile="test">
		<bean id="clientesDAO" class="es.indra.persistencia.ClientesDAOTest" />
	</beans>

	

</beans>

