<?xml version="1.0" encoding="UTF-8"?>
<beans xmlns="http://www.springframework.org/schema/beans"
       xmlns:xsi="http://www.w3.org/2001/XMLSchema-instance"
       xsi:schemaLocation="http://www.springframework.org/schema/beans
	http://www.springframework.org/schema/beans/spring-beans.xsd">
	
	<bean abstract="true" id="plantilla" class="es.indra.models.Empleado">
		<property name="jefe" value="false" />
		<property name="sueldo" value="37000" />
	</bean>
	
	<bean id="empleado1" class="es.indra.models.Empleado" parent="plantilla">
		<property name="numeroEmpleado" value="1" />
		<property name="nombre" value="Pedro" />
		<property name="apellido" value="Rodriguez" />
	</bean>
	
	<bean id="empleado2" class="es.indra.models.Empleado" parent="plantilla">
		<property name="numeroEmpleado">
			<value type="int">2</value>
		</property>
		<property name="nombre">
			<value type="java.lang.String">Jorge</value>
		</property>
		<property name="apellido">
			<value type="java.lang.String">Arias</value>
		</property>
		<property name="sueldo">
			<value type="double">46000</value>
		</property>
	</bean>
	
</beans>





