<?xml version="1.0" encoding="UTF-8"?>
<beans xmlns="http://www.springframework.org/schema/beans"
	   xmlns:aop="http://www.springframework.org/schema/aop"
       xmlns:xsi="http://www.w3.org/2001/XMLSchema-instance"
       xsi:schemaLocation="http://www.springframework.org/schema/beans
	http://www.springframework.org/schema/beans/spring-beans.xsd
	http://www.springframework.org/schema/aop
	http://www.springframework.org/schema/aop/spring-aop.xsd">
	
	<bean id="vacaciones" class="es.indra.business.Vacaciones" />
	<bean id="aspectos" class="es.indra.utils.Aspectos" />
	
	<aop:config>
		<!-- Definir el punto de corte, que metodo vamos a interceptar -->
		<!--  <aop:pointcut expression="bean(vacaciones)" id="pc"/>   -->
		<aop:pointcut expression="execution(* es.indra.business.Vacaciones.viajar(..))" id="pc"/>
		
		
		<!-- Aplicar los aspectos -->
		<aop:aspect ref="aspectos">
			<aop:around method="medirTiempo" pointcut-ref="pc"/>
			
			<aop:before method="facturar" pointcut-ref="pc"/>
			<aop:before method="pasarControl" pointcut-ref="pc"/>
			<aop:before method="embarcar" pointcut-ref="pc"/>
			<aop:before method="despegar" pointcut-ref="pc"/>
			
			<aop:after method="aterrizar" pointcut-ref="pc"/>
			
			<aop:after-returning method="recogerEquipaje" pointcut-ref="pc"/>
			
			<!-- Debe ser el ultimo para que funcione -->	
			<aop:after-throwing method="emergencia" pointcut-ref="pc" throwing="ex"/>
			
		</aop:aspect>
	
	</aop:config>
	
	
</beans>