<?xml version="1.0" encoding="UTF-8"?>
<flow xmlns="http://www.springframework.org/schema/webflow"
	xmlns:xsi="http://www.w3.org/2001/XMLSchema-instance"
	xsi:schemaLocation="http://www.springframework.org/schema/webflow
        http://www.springframework.org/schema/webflow/spring-webflow.xsd">

	
	<action-state id="guardarNumero">
		<evaluate expression="requestParameters.num"
		          result-type="int" result="flowScope.numero" />
		<transition to="mostrarMsg"/>          
	</action-state>
	
	
	<view-state id="mostrarMsg" view="mostrarMensaje">
		<transition on="ok2" to="fin"/>
	</view-state>
	
	<end-state id="fin" view="final">
		<output name="numero"/>
	</end-state>

</flow>