<?xml version="1.0" encoding="UTF-8"?>
<beans xmlns="http://www.springframework.org/schema/beans"
	xmlns:c="http://www.springframework.org/schema/c"
	xmlns:p="http://www.springframework.org/schema/p"
	xmlns:util="http://www.springframework.org/schema/util"
	xmlns:xsi="http://www.w3.org/2001/XMLSchema-instance"
	xsi:schemaLocation="http://www.springframework.org/schema/beans
	http://www.springframework.org/schema/beans/spring-beans.xsd
	http://www.springframework.org/schema/util
	http://www.springframework.org/schema/util/spring-util.xsd">


	<!-- Inyeccion a traves del constructor -->
	<bean id="empleado1" class="es.indra.models.Empleado" c:_0="1"
		c:_1="Juan" c:_2="Lopez" c:_3="true" c:_4="47000" />

	<bean id="empleado2" class="es.indra.models.Empleado">
		<constructor-arg type="int" value="2" />
		<constructor-arg type="java.lang.String" value="Maria" />
		<constructor-arg type="java.lang.String"
			value="Sanchez" />
		<constructor-arg type="boolean" value="false" />
		<constructor-arg type="double" value="39000" />
	</bean>

	<bean id="empleado3" class="es.indra.models.Empleado"
		c:numeroEmpleado="3" c:nombre="Alberto" c:apellido="Perez"
		c:jefe="true" c:sueldo="64000" />


	<!-- Inyeccion a traves de propiedades -->
	<bean id="empleado4" class="es.indra.models.Empleado"
		p:numeroEmpleado="4" p:nombre="Pedro" p:apellido="Rodriguez"
		p:jefe="false" p:sueldo="37000" />


	<bean id="empleado5" class="es.indra.models.Empleado"
		p:numeroEmpleado="5" p:nombre="Jorge" p:apellido="Arias"
		p:jefe="false" p:sueldo="36000" />


	<util:list id="empleados"
		value-type="es.indra.models.Empleado">
		<ref bean="empleado1" />
		<ref bean="empleado2" />
		<ref bean="empleado3" />
		<ref bean="empleado4" />
		<ref bean="empleado5" />

		<!-- Bean interno -->
		<bean id="empleado6" class="es.indra.models.Empleado">
			<constructor-arg name="numeroEmpleado" value="6" />
			<constructor-arg name="nombre" value="Alfonso" />
			<constructor-arg name="apellido" value="Garcia" />
			<constructor-arg name="jefe" value="false" />
			<constructor-arg name="sueldo" value="37000" />
		</bean>
	</util:list>

	<util:set id="proyectos" value-type="java.lang.String">
		<value>Santander</value>
		<value>Inditex</value>
	</util:set>

	<util:list id="equipo" value-type="es.indra.models.Empleado">
		<ref bean="empleado2" />
		<ref bean="empleado4" />
		<ref bean="empleado5" />
	</util:list>

	<util:map id="jefesProyecto" 
		key-type="java.lang.String" value-type="es.indra.models.Empleado">
		<entry key="Santander" value-ref="empleado1" />
		<entry key="Inditex" value-ref="empleado3" />
	</util:map>
	
	<util:properties id="emails">
		<prop key="1">juan@gmail.com</prop> 
		<prop key="3">alberto@gmail.com</prop>
	</util:properties>

	<bean id="empresa" class="es.indra.models.Empresa"
		p:empleados-ref="empleados" p:proyectos-ref="proyectos"
		p:equipo-ref="equipo" p:jefesProyecto-ref="jefesProyecto"
		p:emails-ref="emails" />


</beans>





