<?xml version="1.0" encoding="UTF-8"?>
<beans xmlns="http://www.springframework.org/schema/beans"
       xmlns:xsi="http://www.w3.org/2001/XMLSchema-instance"
       xsi:schemaLocation="http://www.springframework.org/schema/beans
	http://www.springframework.org/schema/beans/spring-beans.xsd">
	
	<!-- cargar el archivo de propiedades -->
	<bean class="org.springframework.beans.factory.config.PropertyPlaceholderConfigurer">
		<property name="locations">
			<list>
				<value>classpath:data-source.properties</value>
			</list>
		</property>
		
		<property name="ignoreUnresolvablePlaceholders" value="true" />
	</bean>
	
	<!-- Crear el bean con los datos de conexion -->
	<bean id="miDataSource" class="org.springframework.jdbc.datasource.DriverManagerDataSource">
		<property name="driverClassName" value="${driver}" />
		<property name="url" value="${url}" />
		<property name="username" value="${user}" />
		<property name="password" value="${password}" />
	</bean>
	
	<!-- Crear el sessionFactory de Hibernate -->
	<bean id="sessionFactory" class="org.springframework.orm.hibernate5.LocalSessionFactoryBean">
		<property name="dataSource" ref="miDataSource" />
		<property name="mappingLocations" value="classpath:es/indra/models/*.hbm.xml" />
		<property name="hibernateProperties">
			<props>
				<!-- Estrategia de generacion de tablas -->
				<prop key="hibernate.hbm2ddl.auto">create</prop>
				
				<!-- Nos muestre las queries en consola -->
				<prop key="hibernate.show_sql">true</prop>
				
				<!-- Dialecto Hibernate -->
				<prop key="hibernate.dialect">org.hibernate.dialect.MySQL5Dialect</prop>
			</props>
		</property>
	</bean>
	
	<!-- Crear el bean session que es el encargado de abrir las conexiones a la BBDD -->
	<bean id="session" scope="prototype" factory-bean="sessionFactory" factory-method="openSession" />
	
</beans>








